{
    "Senz1" :[23.38,45.41],
    "Senz2" :[-0.12775829999998223,51.5073509],
    "Senz3" :[2.3522219000000177, 48.856614]
    
}